{
  "color" : {
    "base" : {
      "gray" : {
        "light" : {
          "value" : "#CCCCCC",
          "type" : "color"
        },
        "medium" : {
          "value" : "#999999",
          "type" : "color"
        },
        "dark" : {
          "value" : "#111111",
          "type" : "color"
        }
      },
      "red" : {
        "value" : "#FF0000",
        "type" : "color"
      },
      "green" : {
        "value" : "#00FF00",
        "type" : "color"
      }
    },
    "font" : {
      "base" : {
        "value" : "{color.base.red.value}",
        "type" : "color"
      },
      "secondary" : {
        "value" : "{color.base.green.value}",
        "type" : "color"
      },
      "tertiary" : {
        "value" : "{color.base.gray.light.value}",
        "type" : "color"
      }
    }
  },
  "size" : {
    "font" : {
      "small" : {
        "value" : "0.75",
        "comment" : "the small size of the font",
        "type" : "dimension"
      },
      "medium" : {
        "value" : "1",
        "comment" : "the medium size of the font",
        "type" : "dimension"
      },
      "large" : {
        "value" : "2",
        "comment" : "the large size of the font",
        "type" : "dimension"
      },
      "base" : {
        "value" : "{size.font.medium.value}",
        "comment" : "the base size of the font",
        "type" : "dimension"
      }
    }
  }
}