{
  "color" : {
    "font" : {
      "base" : {
        "value" : "{color.base.red.value}"
      },
      "secondary" : {
        "value" : "{color.base.green.value}"
      },
      "tertiary" : {
        "value" : "{color.base.gray.light.value}"
      }
    },
    "base" : {
      "gray" : {
        "light" : {
          "value" : "#CCCCCC"
        },
        "medium" : {
          "value" : "#999999"
        },
        "dark" : {
          "value" : "#111111"
        }
      },
      "red" : {
        "value" : "#FF0000"
      },
      "green" : {
        "value" : "#00FF00"
      }
    }
  },
  "size" : {
    "font" : {
      "small" : {
        "value" : "0.75",
        "comment" : "the small size of the font"
      },
      "medium" : {
        "value" : "1",
        "comment" : "the medium size of the font"
      },
      "large" : {
        "value" : "2",
        "comment" : "the large size of the font"
      },
      "base" : {
        "value" : "{size.font.medium.value}",
        "comment" : "the base size of the font"
      }
    }
  }
}