{
  "color": {
    "palette": {
      "primary": {
        "primary015": {
          "description": "$palette-primary-015 (A1)\n\nhex: : #F3F9F8\nL*: 97.46 (97.5)\n\n#FFFFFF-4.5:1: false\n#FFFFFF-3.0:1: false\n#000000-4.5:1: true\n#000000-3.0:1: true",
          "type": "color",
          "value": "#f3f9f8ff",
          "blendMode": "normal",
          "extensions": {
            "org.lukasoppermann.figmaDesignTokens": {
              "styleId": "S:ca94fa1cf58aafd60fa79a71239c6017d10186d2,",
              "exportKey": "color"
            }
          }
        },
        "primary025": {
          "description": "$palette-primary-025 (A2)\n\nhex: : #E6F3F0\nL*: 94.83 (95)\n\n#FFFFFF-4.5:1: false\n#FFFFFF-3.0:1: false\n#000000-4.5:1: true\n#000000-3.0:1: true",
          "type": "color",
          "value": "#e6f3f0ff",
          "blendMode": "normal",
          "extensions": {
            "org.lukasoppermann.figmaDesignTokens": {
              "styleId": "S:31373fdaf309cb9b4604ac22eae1a29253f0049f,",
              "exportKey": "color"
            }
          }
        },
        "primary050": {
          "description": "$palette-primary-050 (A3)\n\nhex: : #D1E7E3\nL*: 89.98 (90)\n\n#FFFFFF-4.5:1: false\n#FFFFFF-3.0:1: false\n#000000-4.5:1: true\n#000000-3.0:1: true",
          "type": "color",
          "value": "#d1e7e3ff",
          "blendMode": "normal",
          "extensions": {
            "org.lukasoppermann.figmaDesignTokens": {
              "styleId": "S:6ad5974368f408e0051a81f5ab6f4a7fe0596630,",
              "exportKey": "color"
            }
          }
        },
        "primary075": {
          "description": "$palette-primary-075 (A5)\n\nhex: : #A1D0C8\nL*: 80.1 (80)\n\n#FFFFFF-4.5:1: false\n#FFFFFF-3.0:1: false\n#000000-4.5:1: true\n#000000-3.0:1: true",
          "type": "color",
          "value": "#a1d0c8ff",
          "blendMode": "normal",
          "extensions": {
            "org.lukasoppermann.figmaDesignTokens": {
              "styleId": "S:2cef4447156711b00f96acc5c64a8e899d3213aa,",
              "exportKey": "color"
            }
          }
        },
        "primary085": {
          "description": "$palette-primary-085 (A7)\n\nhex: : #70B8AD\nL*: 69.99 (70)\n\n#FFFFFF-4.5:1: false\n#FFFFFF-3.0:1: false\n#000000-4.5:1: true\n#000000-3.0:1: true",
          "type": "color",
          "value": "#70b8adff",
          "blendMode": "normal",
          "extensions": {
            "org.lukasoppermann.figmaDesignTokens": {
              "styleId": "S:df07daf8a5f9a90c66f79f61f066a63e169ac276,",
              "exportKey": "color"
            }
          }
        },
        "primary100": {
          "description": "$palette-primary-100 (A9)\n\nhex: : #36A093\nL*: 59.92 (60)\n\n#FFFFFF-4.5:1: false\n#FFFFFF-3.0:1: true\n#000000-4.5:1: true\n#000000-3.0:1: true",
          "type": "color",
          "value": "#36a093ff",
          "blendMode": "normal",
          "extensions": {
            "org.lukasoppermann.figmaDesignTokens": {
              "styleId": "S:68a1015a85e170e9c070c8230a4ec7e48c7ee40f,",
              "exportKey": "color"
            }
          }
        },
        "primary200": {
          "description": "$palette-primary-200 (A10)\n\nhex: : #009688\nL*: 55.67 (55)\n\n#FFFFFF-4.5:1: false\n#FFFFFF-3.0:1: true\n#000000-4.5:1: true\n#000000-3.0:1: true",
          "type": "color",
          "value": "#009688ff",
          "blendMode": "normal",
          "extensions": {
            "org.lukasoppermann.figmaDesignTokens": {
              "styleId": "S:19d0586003ee6d9b8e271a0756c403acc568db99,",
              "exportKey": "color"
            }
          }
        },
        "primary300": {
          "description": "$palette-primary-300 (A11)\n\nhex: : #00857F\nL*: 49.86 (50)\n\n#FFFFFF-4.5:1: true\n#FFFFFF-3.0:1: true\n#000000-4.5:1: true\n#000000-3.0:1: true",
          "type": "color",
          "value": "#00857fff",
          "blendMode": "normal",
          "extensions": {
            "org.lukasoppermann.figmaDesignTokens": {
              "styleId": "S:ed5efef20dd101fe6cdcc527b2a1790da9dcd597,",
              "exportKey": "color"
            }
          }
        },
        "primary400": {
          "description": "$palette-primary-400 (A12)\n\nhex: : #007872\nL*: 45.15 (45)\n\n#FFFFFF-4.5:1: true\n#FFFFFF-3.0:1: true\n#000000-4.5:1: false\n#000000-3.0:1: true",
          "type": "color",
          "value": "#007872ff",
          "blendMode": "normal",
          "extensions": {
            "org.lukasoppermann.figmaDesignTokens": {
              "styleId": "S:a3b4aaa50f64ca34de5d7d79da5221c6c2245359,",
              "exportKey": "color"
            }
          }
        },
        "primary500": {
          "description": "$palette-primary-500 (A13)\n\nhex: : #026A65\nL*: 40.01 (40)\n\n#FFFFFF-4.5:1: true\n#FFFFFF-3.0:1: true\n#000000-4.5:1: false\n#000000-3.0:1: true",
          "type": "color",
          "value": "#026a65ff",
          "blendMode": "normal",
          "extensions": {
            "org.lukasoppermann.figmaDesignTokens": {
              "styleId": "S:8255989e7444a849207ef1d05ebb10c7961335e9,",
              "exportKey": "color"
            }
          }
        },
        "primary600": {
          "description": "$palette-primary-600 (A15)\n\nhex: : #03504C\nL*: 30.1 (30)\n\n#FFFFFF-4.5:1: true\n#FFFFFF-3.0:1: true\n#000000-4.5:1: false\n#000000-3.0:1: false",
          "type": "color",
          "value": "#03504cff",
          "blendMode": "normal",
          "extensions": {
            "org.lukasoppermann.figmaDesignTokens": {
              "styleId": "S:836572012e74b2cc5bf152b3962a2d49b8fa8974,",
              "exportKey": "color"
            }
          }
        },
        "primary700": {
          "description": "$palette-primary-700 (A17)\n\nhex: : #023734\nL*: 20.02 (20)\n\n#FFFFFF-4.5:1: true\n#FFFFFF-3.0:1: true\n#000000-4.5:1: false\n#000000-3.0:1: false",
          "type": "color",
          "value": "#023734ff",
          "blendMode": "normal",
          "extensions": {
            "org.lukasoppermann.figmaDesignTokens": {
              "styleId": "S:2f68d0e9f75b4fc7b08abd8aac6b2c0102fcbfb2,",
              "exportKey": "color"
            }
          }
        },
        "primary800": {
          "description": "$palette-primary-800 (A18)\n\nhex: : #002B29\nL*: 14.89 (15)\n\n#FFFFFF-4.5:1: true\n#FFFFFF-3.0:1: true\n#000000-4.5:1: false\n#000000-3.0:1: false",
          "type": "color",
          "value": "#002b29ff",
          "blendMode": "normal",
          "extensions": {
            "org.lukasoppermann.figmaDesignTokens": {
              "styleId": "S:8a16287aeb6cdb89f90afa09ff3e3bf91fc737a4,",
              "exportKey": "color"
            }
          }
        },
        "primary900": {
          "description": "$palette-primary-900 (A19)\n\nhex: : #00201E\nL*: 10 (10)\n\n#FFFFFF-4.5:1: true\n#FFFFFF-3.0:1: true\n#000000-4.5:1: false\n#000000-3.0:1: false",
          "type": "color",
          "value": "#00201eff",
          "blendMode": "normal",
          "extensions": {
            "org.lukasoppermann.figmaDesignTokens": {
              "styleId": "S:f67b93502a9bcf5906f0cb8ac0dc397593e93179,",
              "exportKey": "color"
            }
          }
        }
      },
      "secondary": {
        "secondary015": {
          "description": "$palette-secondary-015 (B1)\n\nhex: : #FCF6FD\nL*: 97.51 (97.5)\n\n#FFFFFF-4.5:1: false\n#FFFFFF-3.0:1: false\n#000000-4.5:1: true\n#000000-3.0:1: true",
          "type": "color",
          "value": "#fcf6fdff",
          "blendMode": "normal",
          "extensions": {
            "org.lukasoppermann.figmaDesignTokens": {
              "styleId": "S:7c85c2385096bce80d21e6fe08590104872740bc,",
              "exportKey": "color"
            }
          }
        },
        "secondary025": {
          "description": "$palette-secondary-025 (B2)\n\nhex: : #F6EEF8\nL*: 94.96 (95)\n\n#FFFFFF-4.5:1: false\n#FFFFFF-3.0:1: false\n#000000-4.5:1: true\n#000000-3.0:1: true",
          "type": "color",
          "value": "#f6eef8ff",
          "blendMode": "normal",
          "extensions": {
            "org.lukasoppermann.figmaDesignTokens": {
              "styleId": "S:34d7953e43ccc8ff493fee3ef1268fbb72a51ea8,",
              "exportKey": "color"
            }
          }
        },
        "secondary050": {
          "description": "$palette-secondary-050 (B3)\n\nhex: : #F0DCF3\nL*: 89.94 (90)\n\n#FFFFFF-4.5:1: false\n#FFFFFF-3.0:1: false\n#000000-4.5:1: true\n#000000-3.0:1: true",
          "type": "color",
          "value": "#f0dcf3ff",
          "blendMode": "normal",
          "extensions": {
            "org.lukasoppermann.figmaDesignTokens": {
              "styleId": "S:9cd225fc0191234e04ce7f6546923dffec03f785,",
              "exportKey": "color"
            }
          }
        },
        "secondary075": {
          "description": "$palette-secondary-075 (B5)\n\nhex: : #E0BAE6\nL*: 80 (80)\n\n#FFFFFF-4.5:1: false\n#FFFFFF-3.0:1: false\n#000000-4.5:1: true\n#000000-3.0:1: true",
          "type": "color",
          "value": "#e0bae6ff",
          "blendMode": "normal",
          "extensions": {
            "org.lukasoppermann.figmaDesignTokens": {
              "styleId": "S:be974d0b5a893cd4b6533a8d428c3dc24786fd08,",
              "exportKey": "color"
            }
          }
        },
        "secondary085": {
          "description": "$palette-secondary-085 (B7)\n\nhex: : #D098DA\nL*: 70.13 (70)\n\n#FFFFFF-4.5:1: false\n#FFFFFF-3.0:1: false\n#000000-4.5:1: true\n#000000-3.0:1: true",
          "type": "color",
          "value": "#d098daff",
          "blendMode": "normal",
          "extensions": {
            "org.lukasoppermann.figmaDesignTokens": {
              "styleId": "S:65ffed534488d1e609e27c8e78eabd2bb5a569c9,",
              "exportKey": "color"
            }
          }
        },
        "secondary100": {
          "description": "$palette-secondary-100 (B9)\n\nhex: : #BF75CC\nL*: 60.03 (60)\n\n#FFFFFF-4.5:1: false\n#FFFFFF-3.0:1: true\n#000000-4.5:1: true\n#000000-3.0:1: true",
          "type": "color",
          "value": "#bf75ccff",
          "blendMode": "normal",
          "extensions": {
            "org.lukasoppermann.figmaDesignTokens": {
              "styleId": "S:a84e2b62e3fa716a38cc273564cf24b0c6aa1612,",
              "exportKey": "color"
            }
          }
        },
        "secondary200": {
          "description": "$palette-secondary-200 (B10)\n\nhex: : #B564C4\nL*: 55 (55)\n\n#FFFFFF-4.5:1: false\n#FFFFFF-3.0:1: true\n#000000-4.5:1: true\n#000000-3.0:1: true",
          "type": "color",
          "value": "#b564c4ff",
          "blendMode": "normal",
          "extensions": {
            "org.lukasoppermann.figmaDesignTokens": {
              "styleId": "S:1c5750c209c7f37641b44701ca84fa359f34f9b9,",
              "exportKey": "color"
            }
          }
        },
        "secondary300": {
          "description": "$palette-secondary-300 (B11)\n\nhex: : #AD50BE\nL*: 49.91 (50)\n\n#FFFFFF-4.5:1: false\n#FFFFFF-3.0:1: true\n#000000-4.5:1: true\n#000000-3.0:1: true",
          "type": "color",
          "value": "#ad50beff",
          "blendMode": "normal",
          "extensions": {
            "org.lukasoppermann.figmaDesignTokens": {
              "styleId": "S:8fa0a52377cd61c67c318ab01ab5487ef3725238,",
              "exportKey": "color"
            }
          }
        },
        "secondary400": {
          "description": "$palette-secondary-400 (B12)\n\nhex: : #A43DB6\nL*: 45.09 (45)\n\n#FFFFFF-4.5:1: true\n#FFFFFF-3.0:1: true\n#000000-4.5:1: false\n#000000-3.0:1: true",
          "type": "color",
          "value": "#a43db6ff",
          "blendMode": "normal",
          "extensions": {
            "org.lukasoppermann.figmaDesignTokens": {
              "styleId": "S:3fc849230763d1b71abe52dac88af8863053799c,",
              "exportKey": "color"
            }
          }
        },
        "secondary500": {
          "description": "$palette-secondary-500 (B13)\n\nhex: : #9C27B0\nL*: 40.66 (40)\n\n#FFFFFF-4.5:1: true\n#FFFFFF-3.0:1: true\n#000000-4.5:1: false\n#000000-3.0:1: true",
          "type": "color",
          "value": "#9c27b0ff",
          "blendMode": "normal",
          "extensions": {
            "org.lukasoppermann.figmaDesignTokens": {
              "styleId": "S:b7b92c89901c85ad613ef1ce73d21b0774d0666f,",
              "exportKey": "color"
            }
          }
        },
        "secondary600": {
          "description": "$palette-secondary-600 (B15)\n\nhex: : #7B147E\nL*: 29.96 (30)\n\n#FFFFFF-4.5:1: true\n#FFFFFF-3.0:1: true\n#000000-4.5:1: false\n#000000-3.0:1: false",
          "type": "color",
          "value": "#7b147eff",
          "blendMode": "normal",
          "extensions": {
            "org.lukasoppermann.figmaDesignTokens": {
              "styleId": "S:8fb3269ca44ac4c109f860050fb654155768d599,",
              "exportKey": "color"
            }
          }
        },
        "secondary700": {
          "description": "$palette-secondary-700 (B16)\n\nhex: : #650360\nL*: 22.57 (25)\n\n#FFFFFF-4.5:1: true\n#FFFFFF-3.0:1: true\n#000000-4.5:1: false\n#000000-3.0:1: false",
          "type": "color",
          "value": "#650360ff",
          "blendMode": "normal",
          "extensions": {
            "org.lukasoppermann.figmaDesignTokens": {
              "styleId": "S:10132c194fd0819201e51304105e8e535431dbb3,",
              "exportKey": "color"
            }
          }
        },
        "secondary800": {
          "description": "$palette-secondary-800 (B18)\n\nhex: : #48014D\nL*: 15.15 (15)\n\n#FFFFFF-4.5:1: true\n#FFFFFF-3.0:1: true\n#000000-4.5:1: false\n#000000-3.0:1: false",
          "type": "color",
          "value": "#48014dff",
          "blendMode": "normal",
          "extensions": {
            "org.lukasoppermann.figmaDesignTokens": {
              "styleId": "S:d9da18c21b4f65ff86f8f5109960183aee39868d,",
              "exportKey": "color"
            }
          }
        },
        "secondary900": {
          "description": "$palette-secondary-900 (B19)\n\nhex: : #3E0046\nL*: 12.39 (10)\n\n#FFFFFF-4.5:1: true\n#FFFFFF-3.0:1: true\n#000000-4.5:1: false\n#000000-3.0:1: false",
          "type": "color",
          "value": "#3e0046ff",
          "blendMode": "normal",
          "extensions": {
            "org.lukasoppermann.figmaDesignTokens": {
              "styleId": "S:1687c1146ca93ab70d7cabc49565148a3bfa33cc,",
              "exportKey": "color"
            }
          }
        }
      },
      "tertiary": {
        "tertiary015": {
          "description": "$palette-tertiary-015 (C1)\n\nhex: : #F9F7F6\nL*: 97.36 (97.5)\n\n#FFFFFF-4.5:1: false\n#FFFFFF-3.0:1: false\n#000000-4.5:1: true\n#000000-3.0:1: true",
          "type": "color",
          "value": "#f9f7f6ff",
          "blendMode": "normal",
          "extensions": {
            "org.lukasoppermann.figmaDesignTokens": {
              "styleId": "S:ef860bb421712492c23b57014c3e8cdea60b3dfe,",
              "exportKey": "color"
            }
          }
        },
        "tertiary025": {
          "description": "$palette-tertiary-025 (C2)\n\nhex: : #F2F0ED\nL*: 94.87 (95)\n\n#FFFFFF-4.5:1: false\n#FFFFFF-3.0:1: false\n#000000-4.5:1: true\n#000000-3.0:1: true",
          "type": "color",
          "value": "#f2f0edff",
          "blendMode": "normal",
          "extensions": {
            "org.lukasoppermann.figmaDesignTokens": {
              "styleId": "S:69b5ab0f744cf9b094e057abbb30749375c5fb26,",
              "exportKey": "color"
            }
          }
        },
        "tertiary050": {
          "description": "$palette-tertiary-050 (C3)\n\nhex: : #E7E2DC\nL*: 90.11 (90)\n\n#FFFFFF-4.5:1: false\n#FFFFFF-3.0:1: false\n#000000-4.5:1: true\n#000000-3.0:1: true",
          "type": "color",
          "value": "#e7e2dcff",
          "blendMode": "normal",
          "extensions": {
            "org.lukasoppermann.figmaDesignTokens": {
              "styleId": "S:70b1654fa37004907ab0fde0f9f6b16deb9cc884,",
              "exportKey": "color"
            }
          }
        },
        "tertiary075": {
          "description": "$palette-tertiary-075 (C5)\n\nhex: : #CDC5B8\nL*: 79.83 (80)\n\n#FFFFFF-4.5:1: false\n#FFFFFF-3.0:1: false\n#000000-4.5:1: true\n#000000-3.0:1: true",
          "type": "color",
          "value": "#cdc5b8ff",
          "blendMode": "normal",
          "extensions": {
            "org.lukasoppermann.figmaDesignTokens": {
              "styleId": "S:82ce5fde0fe381dfefb91ea44e1d078c3512959f,",
              "exportKey": "color"
            }
          }
        },
        "tertiary085": {
          "description": "$palette-tertiary-085 (C7)\n\nhex: : #B6AA98\nL*: 70.15 (70)\n\n#FFFFFF-4.5:1: false\n#FFFFFF-3.0:1: false\n#000000-4.5:1: true\n#000000-3.0:1: true",
          "type": "color",
          "value": "#b6aa98ff",
          "blendMode": "normal",
          "extensions": {
            "org.lukasoppermann.figmaDesignTokens": {
              "styleId": "S:fe267eae8bb961d541fb4107182fb537e5772bd7,",
              "exportKey": "color"
            }
          }
        },
        "tertiary100": {
          "description": "$palette-tertiary-100 (C9)\n\nhex: : #9E8F77\nL*: 60.11 (60)\n\n#FFFFFF-4.5:1: false\n#FFFFFF-3.0:1: true\n#000000-4.5:1: true\n#000000-3.0:1: true",
          "type": "color",
          "value": "#9e8f77ff",
          "blendMode": "normal",
          "extensions": {
            "org.lukasoppermann.figmaDesignTokens": {
              "styleId": "S:21dc026a16a10e4e6d6ac7ccc32ab4d8120feb21,",
              "exportKey": "color"
            }
          }
        },
        "tertiary200": {
          "description": "$palette-tertiary-200 (C10)\n\nhex: : #928167\nL*: 54.86 (55)\n\n#FFFFFF-4.5:1: false\n#FFFFFF-3.0:1: true\n#000000-4.5:1: true\n#000000-3.0:1: true",
          "type": "color",
          "value": "#928167ff",
          "blendMode": "normal",
          "extensions": {
            "org.lukasoppermann.figmaDesignTokens": {
              "styleId": "S:a3e0d384d05fd379832105503ce520c088b99bd8,",
              "exportKey": "color"
            }
          }
        },
        "tertiary300": {
          "description": "$palette-tertiary-300 (C11)\n\nhex: : #867457\nL*: 49.8 (50)\n\n#FFFFFF-4.5:1: true\n#FFFFFF-3.0:1: true\n#000000-4.5:1: true\n#000000-3.0:1: true",
          "type": "color",
          "value": "#867457ff",
          "blendMode": "normal",
          "extensions": {
            "org.lukasoppermann.figmaDesignTokens": {
              "styleId": "S:1cce271b54e7681542d529a47e4ac5208e48a83a,",
              "exportKey": "color"
            }
          }
        },
        "tertiary400": {
          "description": "$palette-tertiary-400 (C12)\n\nhex: : #7B6747\nL*: 44.75 (45)\n\n#FFFFFF-4.5:1: true\n#FFFFFF-3.0:1: true\n#000000-4.5:1: false\n#000000-3.0:1: true",
          "type": "color",
          "value": "#7b6747ff",
          "blendMode": "normal",
          "extensions": {
            "org.lukasoppermann.figmaDesignTokens": {
              "styleId": "S:800cb5d521d62f2d9ef64cff66928d2c6f691537,",
              "exportKey": "color"
            }
          }
        },
        "tertiary500": {
          "description": "$palette-tertiary-500 (C13)\n\nhex: : #6E5C3F\nL*: 40.13 (40)\n\n#FFFFFF-4.5:1: true\n#FFFFFF-3.0:1: true\n#000000-4.5:1: false\n#000000-3.0:1: true",
          "type": "color",
          "value": "#6e5c3fff",
          "blendMode": "normal",
          "extensions": {
            "org.lukasoppermann.figmaDesignTokens": {
              "styleId": "S:e18f1e88d3a532337b779a0ed6ba8ad111d0bc23,",
              "exportKey": "color"
            }
          }
        },
        "tertiary600": {
          "description": "$palette-tertiary-600 (C15)\n\nhex: : #53452E\nL*: 30.14 (30)\n\n#FFFFFF-4.5:1: true\n#FFFFFF-3.0:1: true\n#000000-4.5:1: false\n#000000-3.0:1: false",
          "type": "color",
          "value": "#53452eff",
          "blendMode": "normal",
          "extensions": {
            "org.lukasoppermann.figmaDesignTokens": {
              "styleId": "S:cae876ae3d4647c66c31526a85abe7b24ebfe99b,",
              "exportKey": "color"
            }
          }
        },
        "tertiary700": {
          "description": "$palette-tertiary-700 (C17)\n\nhex: : #392F1F\nL*: 20.05 (20)\n\n#FFFFFF-4.5:1: true\n#FFFFFF-3.0:1: true\n#000000-4.5:1: false\n#000000-3.0:1: false",
          "type": "color",
          "value": "#392f1fff",
          "blendMode": "normal",
          "extensions": {
            "org.lukasoppermann.figmaDesignTokens": {
              "styleId": "S:5c12086aa2b023c7273047a953b137310b510944,",
              "exportKey": "color"
            }
          }
        },
        "tertiary800": {
          "description": "$palette-tertiary-800 (C18)\n\nhex: : #2D2416\nL*: 14.83 (15)\n\n#FFFFFF-4.5:1: true\n#FFFFFF-3.0:1: true\n#000000-4.5:1: false\n#000000-3.0:1: false",
          "type": "color",
          "value": "#2d2416ff",
          "blendMode": "normal",
          "extensions": {
            "org.lukasoppermann.figmaDesignTokens": {
              "styleId": "S:a0f8cae9dcac0dab7a14b8f772ac86a4411f634d,",
              "exportKey": "color"
            }
          }
        },
        "tertiary900": {
          "description": "$palette-tertiary-900 (C19)\n\nhex: : #211B10\nL*: 10.14 (10)\n\n#FFFFFF-4.5:1: true\n#FFFFFF-3.0:1: true\n#000000-4.5:1: false\n#000000-3.0:1: false",
          "type": "color",
          "value": "#1b1b1bff",
          "blendMode": "normal",
          "extensions": {
            "org.lukasoppermann.figmaDesignTokens": {
              "styleId": "S:966666d2cc2829f9a378a68ab9af938c7f7493f1,",
              "exportKey": "color"
            }
          }
        }
      },
      "positive": {
        "positive015": {
          "description": "$palette-positive-015 (D1)\n\nhex: : #F4F9F3\nL*: 97.41 (97.5)\n\n#FFFFFF-4.5:1: false\n#FFFFFF-3.0:1: false\n#000000-4.5:1: true\n#000000-3.0:1: true",
          "type": "color",
          "value": "#f4f9f3ff",
          "blendMode": "normal",
          "extensions": {
            "org.lukasoppermann.figmaDesignTokens": {
              "styleId": "S:8626366c49293e11706862d85bcc69b823c6a452,",
              "exportKey": "color"
            }
          }
        },
        "positive025": {
          "description": "$palette-positive-025 (D2)\n\nhex: : #EBF3EA\nL*: 95.04 (95)\n\n#FFFFFF-4.5:1: false\n#FFFFFF-3.0:1: false\n#000000-4.5:1: true\n#000000-3.0:1: true",
          "type": "color",
          "value": "#ebf3eaff",
          "blendMode": "normal",
          "extensions": {
            "org.lukasoppermann.figmaDesignTokens": {
              "styleId": "S:7ac124e49ca4851a44005fbe485a9d1529fcf1c5,",
              "exportKey": "color"
            }
          }
        },
        "positive050": {
          "description": "$palette-positive-050 (D3)\n\nhex: : #D6E7D4\nL*: 89.95 (90)\n\n#FFFFFF-4.5:1: false\n#FFFFFF-3.0:1: false\n#000000-4.5:1: true\n#000000-3.0:1: true",
          "type": "color",
          "value": "#d6e7d4ff",
          "blendMode": "normal",
          "extensions": {
            "org.lukasoppermann.figmaDesignTokens": {
              "styleId": "S:4742048b0313151908a519d47a85580c037ca28c,",
              "exportKey": "color"
            }
          }
        },
        "positive075": {
          "description": "$palette-positive-075 (D5)\n\nhex: : #ADCFA9\nL*: 79.83 (80)\n\n#FFFFFF-4.5:1: false\n#FFFFFF-3.0:1: false\n#000000-4.5:1: true\n#000000-3.0:1: true",
          "type": "color",
          "value": "#adcfa9ff",
          "blendMode": "normal",
          "extensions": {
            "org.lukasoppermann.figmaDesignTokens": {
              "styleId": "S:fbd3b4a8995b0f5889e8b831f1058b1d9b6ac4be,",
              "exportKey": "color"
            }
          }
        },
        "positive085": {
          "description": "$palette-positive-085 (D7)\n\nhex: : #85B880\nL*: 70.05 (70)\n\n#FFFFFF-4.5:1: false\n#FFFFFF-3.0:1: false\n#000000-4.5:1: true\n#000000-3.0:1: true",
          "type": "color",
          "value": "#85b880ff",
          "blendMode": "normal",
          "extensions": {
            "org.lukasoppermann.figmaDesignTokens": {
              "styleId": "S:30fe6b09486facf239732d4a44c72f980def2333,",
              "exportKey": "color"
            }
          }
        },
        "positive100": {
          "description": "$palette-positive-100 (D9)\n\nhex: : #5BA056\nL*: 59.92 (60)\n\n#FFFFFF-4.5:1: false\n#FFFFFF-3.0:1: true\n#000000-4.5:1: true\n#000000-3.0:1: true",
          "type": "color",
          "value": "#5ba056ff",
          "blendMode": "normal",
          "extensions": {
            "org.lukasoppermann.figmaDesignTokens": {
              "styleId": "S:2180b7f2d3c7323fc048148bd4dcfdb7a75a94f9,",
              "exportKey": "color"
            }
          }
        },
        "positive200": {
          "description": "$palette-positive-200 (D10)\n\nhex: : #479442\nL*: 54.98 (55)\n\n#FFFFFF-4.5:1: false\n#FFFFFF-3.0:1: true\n#000000-4.5:1: true\n#000000-3.0:1: true",
          "type": "color",
          "value": "#479442ff",
          "blendMode": "normal",
          "extensions": {
            "org.lukasoppermann.figmaDesignTokens": {
              "styleId": "S:da1cc2a65ef74faa013866e0753f51da0335482f,",
              "exportKey": "color"
            }
          }
        },
        "positive300": {
          "description": "$palette-positive-300 (D11)\n\nhex: : #2E872B\nL*: 49.6 (50)\n\n#FFFFFF-4.5:1: true\n#FFFFFF-3.0:1: true\n#000000-4.5:1: true\n#000000-3.0:1: true",
          "type": "color",
          "value": "#2e872bff",
          "blendMode": "normal",
          "extensions": {
            "org.lukasoppermann.figmaDesignTokens": {
              "styleId": "S:8ab932af93bec004c40af9f59523b38239c5d30c,",
              "exportKey": "color"
            }
          }
        },
        "positive400": {
          "description": "$palette-positive-400 (D12)\n\nhex: : #007C00\nL*: 44.82 (45)\n\n#FFFFFF-4.5:1: true\n#FFFFFF-3.0:1: true\n#000000-4.5:1: false\n#000000-3.0:1: true",
          "type": "color",
          "value": "#007c00ff",
          "blendMode": "normal",
          "extensions": {
            "org.lukasoppermann.figmaDesignTokens": {
              "styleId": "S:26a08fea119b52c63b32477bcd4d3567da2f822e,",
              "exportKey": "color"
            }
          }
        },
        "positive500": {
          "description": "$palette-positive-500 (D13)\n\nhex: : #006F00\nL*: 40.19 (40)\n\n#FFFFFF-4.5:1: true\n#FFFFFF-3.0:1: true\n#000000-4.5:1: false\n#000000-3.0:1: true",
          "type": "color",
          "value": "#006f00ff",
          "blendMode": "normal",
          "extensions": {
            "org.lukasoppermann.figmaDesignTokens": {
              "styleId": "S:949184db03e2eb489bdc4fe22b7e13ebff355a3f,",
              "exportKey": "color"
            }
          }
        },
        "positive600": {
          "description": "$palette-positive-600 (D15)\n\nhex: : #015300\nL*: 29.89 (30)\n\n#FFFFFF-4.5:1: true\n#FFFFFF-3.0:1: true\n#000000-4.5:1: false\n#000000-3.0:1: false",
          "type": "color",
          "value": "#015300ff",
          "blendMode": "normal",
          "extensions": {
            "org.lukasoppermann.figmaDesignTokens": {
              "styleId": "S:94d50a44e52a12f2006f1a5bad4e66314dea23f4,",
              "exportKey": "color"
            }
          }
        },
        "positive700": {
          "description": "$palette-positive-700 (D17)\n\nhex: : #003A01\nL*: 20.16 (20)\n\n#FFFFFF-4.5:1: true\n#FFFFFF-3.0:1: true\n#000000-4.5:1: false\n#000000-3.0:1: false",
          "type": "color",
          "value": "#003a01ff",
          "blendMode": "normal",
          "extensions": {
            "org.lukasoppermann.figmaDesignTokens": {
              "styleId": "S:e5e240bfd4135bc0049f668b3a624201f0cdc18c,",
              "exportKey": "color"
            }
          }
        },
        "positive800": {
          "description": "$palette-positive-800 (D18)\n\nhex: : #002D02\nL*: 14.85 (15)\n\n#FFFFFF-4.5:1: true\n#FFFFFF-3.0:1: true\n#000000-4.5:1: false\n#000000-3.0:1: false",
          "type": "color",
          "value": "#002d02ff",
          "blendMode": "normal",
          "extensions": {
            "org.lukasoppermann.figmaDesignTokens": {
              "styleId": "S:030f74d7baeb0c49e438a3d6f64f8539bbf6641a,",
              "exportKey": "color"
            }
          }
        },
        "positive900": {
          "description": "$palette-positive-900 (D19)\n\nhex: : #022104\nL*: 9.87 (10)\n\n#FFFFFF-4.5:1: true\n#FFFFFF-3.0:1: true\n#000000-4.5:1: false\n#000000-3.0:1: false",
          "type": "color",
          "value": "#022104ff",
          "blendMode": "normal",
          "extensions": {
            "org.lukasoppermann.figmaDesignTokens": {
              "styleId": "S:8e7c20814d0615a8e24f71b4b6876fa7ee7a5ca5,",
              "exportKey": "color"
            }
          }
        }
      },
      "negative": {
        "negative015": {
          "description": "$palette-negative-015 (E1)\n\nhex: : #FFF6F5\nL*: 97.54 (97.5)\n\n#FFFFFF-4.5:1: false\n#FFFFFF-3.0:1: false\n#000000-4.5:1: true\n#000000-3.0:1: true",
          "type": "color",
          "value": "#fff6f5ff",
          "blendMode": "normal",
          "extensions": {
            "org.lukasoppermann.figmaDesignTokens": {
              "styleId": "S:f288cd28d2457d8e129a2fb272b83d650a235cbe,",
              "exportKey": "color"
            }
          }
        },
        "negative025": {
          "description": "$palette-negative-025 (E2)\n\nhex: : #FDEDEA\nL*: 94.9 (95)\n\n#FFFFFF-4.5:1: false\n#FFFFFF-3.0:1: false\n#000000-4.5:1: true\n#000000-3.0:1: true",
          "type": "color",
          "value": "#fdedeaff",
          "blendMode": "normal",
          "extensions": {
            "org.lukasoppermann.figmaDesignTokens": {
              "styleId": "S:734748aa5c6d03c7a869f8b61e3fde9f87dc8de4,",
              "exportKey": "color"
            }
          }
        },
        "negative050": {
          "description": "$palette-negative-050 (E3)\n\nhex: : #FFDAD4\nL*: 89.93 (90)\n\n#FFFFFF-4.5:1: false\n#FFFFFF-3.0:1: false\n#000000-4.5:1: true\n#000000-3.0:1: true",
          "type": "color",
          "value": "#ffdad4ff",
          "blendMode": "normal",
          "extensions": {
            "org.lukasoppermann.figmaDesignTokens": {
              "styleId": "S:f1b0d880565df072f644686b3f5290b2d0b05e23,",
              "exportKey": "color"
            }
          }
        },
        "negative075": {
          "description": "$palette-negative-075 (E5)\n\nhex: : #FBB5AA\nL*: 79.88 (80)\n\n#FFFFFF-4.5:1: false\n#FFFFFF-3.0:1: false\n#000000-4.5:1: true\n#000000-3.0:1: true",
          "type": "color",
          "value": "#fbb5aaff",
          "blendMode": "normal",
          "extensions": {
            "org.lukasoppermann.figmaDesignTokens": {
              "styleId": "S:5ea64a975805144731c979ad1d826b22bf2e3442,",
              "exportKey": "color"
            }
          }
        },
        "negative085": {
          "description": "$palette-negative-085 (E7)\n\nhex: : #F59081\nL*: 70.14 (70)\n\n#FFFFFF-4.5:1: false\n#FFFFFF-3.0:1: false\n#000000-4.5:1: true\n#000000-3.0:1: true",
          "type": "color",
          "value": "#f59081ff",
          "blendMode": "normal",
          "extensions": {
            "org.lukasoppermann.figmaDesignTokens": {
              "styleId": "S:83cc52fb5722daf9c9a6299de011e1dcd69dc03b,",
              "exportKey": "color"
            }
          }
        },
        "negative100": {
          "description": "$palette-negative-100 (E9)\n\nhex: : #EB6757\nL*: 59.94 (60)\n\n#FFFFFF-4.5:1: false\n#FFFFFF-3.0:1: true\n#000000-4.5:1: true\n#000000-3.0:1: true",
          "type": "color",
          "value": "#eb6757ff",
          "blendMode": "normal",
          "extensions": {
            "org.lukasoppermann.figmaDesignTokens": {
              "styleId": "S:f7865771d64eed9d2bb91da372dc042aba4749d8,",
              "exportKey": "color"
            }
          }
        },
        "negative200": {
          "description": "$palette-negative-200 (E10)\n\nhex: : #E45143\nL*: 54.85 (55)\n\n#FFFFFF-4.5:1: false\n#FFFFFF-3.0:1: true\n#000000-4.5:1: true\n#000000-3.0:1: true",
          "type": "color",
          "value": "#e45143ff",
          "blendMode": "normal",
          "extensions": {
            "org.lukasoppermann.figmaDesignTokens": {
              "styleId": "S:d84dc232c45a53b97e115782f39b183528a4e5b3,",
              "exportKey": "color"
            }
          }
        },
        "negative300": {
          "description": "$palette-negative-300 (E11)\n\nhex: : #DF3327\nL*: 49.75 (50)\n\n#FFFFFF-4.5:1: true\n#FFFFFF-3.0:1: true\n#000000-4.5:1: true\n#000000-3.0:1: true",
          "type": "color",
          "value": "#df3327ff",
          "blendMode": "normal",
          "extensions": {
            "org.lukasoppermann.figmaDesignTokens": {
              "styleId": "S:661c0234539a80f68723fdef23cec93b0585b444,",
              "exportKey": "color"
            }
          }
        },
        "negative400": {
          "description": "$palette-negative-400 (E12)\n\nhex: : #D80000\nL*: 45.09 (45)\n\n#FFFFFF-4.5:1: true\n#FFFFFF-3.0:1: true\n#000000-4.5:1: false\n#000000-3.0:1: true",
          "type": "color",
          "value": "#d80000ff",
          "blendMode": "normal",
          "extensions": {
            "org.lukasoppermann.figmaDesignTokens": {
              "styleId": "S:f25953299dc21c7f9473a8cc0c51d1bda944733a,",
              "exportKey": "color"
            }
          }
        },
        "negative500": {
          "description": "$palette-negative-500 (E13)\n\nhex: : #C10000\nL*: 40.15 (40)\n\n#FFFFFF-4.5:1: true\n#FFFFFF-3.0:1: true\n#000000-4.5:1: false\n#000000-3.0:1: true",
          "type": "color",
          "value": "#c10000ff",
          "blendMode": "normal",
          "extensions": {
            "org.lukasoppermann.figmaDesignTokens": {
              "styleId": "S:803b6c629f33273e2bad98cda785c587fac8ae3b,",
              "exportKey": "color"
            }
          }
        },
        "negative600": {
          "description": "$palette-negative-600 (E15)\n\nhex: : #940000\nL*: 30.15 (30)\n\n#FFFFFF-4.5:1: true\n#FFFFFF-3.0:1: true\n#000000-4.5:1: false\n#000000-3.0:1: false",
          "type": "color",
          "value": "#940000ff",
          "blendMode": "normal",
          "extensions": {
            "org.lukasoppermann.figmaDesignTokens": {
              "styleId": "S:9fed478d6f6d33a985ecd7957a18ce08fffa19d3,",
              "exportKey": "color"
            }
          }
        },
        "negative700": {
          "description": "$palette-negative-700 (E17)\n\nhex: : #690000\nL*: 20.06 (20)\n\n#FFFFFF-4.5:1: true\n#FFFFFF-3.0:1: true\n#000000-4.5:1: false\n#000000-3.0:1: false",
          "type": "color",
          "value": "#690000ff",
          "blendMode": "normal",
          "extensions": {
            "org.lukasoppermann.figmaDesignTokens": {
              "styleId": "S:49a9153d36500e372c930349a32ae68d3f825dcb,",
              "exportKey": "color"
            }
          }
        },
        "negative800": {
          "description": "$palette-negative-800 (E18)\n\nhex: : #550000\nL*: 15.13 (15)\n\n#FFFFFF-4.5:1: true\n#FFFFFF-3.0:1: true\n#000000-4.5:1: false\n#000000-3.0:1: false",
          "type": "color",
          "value": "#550000ff",
          "blendMode": "normal",
          "extensions": {
            "org.lukasoppermann.figmaDesignTokens": {
              "styleId": "S:f89d92b69629abfecc4160c060d0a7243ddc071b,",
              "exportKey": "color"
            }
          }
        },
        "negative900": {
          "description": "$palette-negative-900 (E19)\n\nhex: : #400103\nL*: 9.94 (10)\n\n#FFFFFF-4.5:1: true\n#FFFFFF-3.0:1: true\n#000000-4.5:1: false\n#000000-3.0:1: false",
          "type": "color",
          "value": "#400103ff",
          "blendMode": "normal",
          "extensions": {
            "org.lukasoppermann.figmaDesignTokens": {
              "styleId": "S:044b354342bc537a8690609380fc13c89c739877,",
              "exportKey": "color"
            }
          }
        }
      },
      "highlight": {
        "highlight015": {
          "description": "$palette-highlight-015 (F1)\n\nhex: : #FEF8E7\nL*: 97.62 (97.5)\n\n#FFFFFF-4.5:1: false\n#FFFFFF-3.0:1: false\n#000000-4.5:1: true\n#000000-3.0:1: true",
          "type": "color",
          "value": "#fef8e7ff",
          "blendMode": "normal",
          "extensions": {
            "org.lukasoppermann.figmaDesignTokens": {
              "styleId": "S:6e3b87a1fd0dac96065a423aa53a6ab48dcca8e7,",
              "exportKey": "color"
            }
          }
        },
        "highlight025": {
          "description": "$palette-highlight-025 (F2)\n\nhex: : #FFF0C6\nL*: 95.02 (95)\n\n#FFFFFF-4.5:1: false\n#FFFFFF-3.0:1: false\n#000000-4.5:1: true\n#000000-3.0:1: true",
          "type": "color",
          "value": "#fff0c6ff",
          "blendMode": "normal",
          "extensions": {
            "org.lukasoppermann.figmaDesignTokens": {
              "styleId": "S:7ee1f1c26ae6a587a24bb819ae15362d0afe2c5b,",
              "exportKey": "color"
            }
          }
        },
        "highlight050": {
          "description": "$palette-highlight-050 (F3)\n\nhex: : #FEE091\nL*: 90.06 (90)\n\n#FFFFFF-4.5:1: false\n#FFFFFF-3.0:1: false\n#000000-4.5:1: true\n#000000-3.0:1: true",
          "type": "color",
          "value": "#fee091ff",
          "blendMode": "normal",
          "extensions": {
            "org.lukasoppermann.figmaDesignTokens": {
              "styleId": "S:e4b45d2448b993f7db41446d6c9a15c2cee77101,",
              "exportKey": "color"
            }
          }
        },
        "highlight075": {
          "description": "$palette-highlight-075 (F4)\n\nhex: : #FFCF3D\nL*: 85.11 (85)\n\n#FFFFFF-4.5:1: false\n#FFFFFF-3.0:1: false\n#000000-4.5:1: true\n#000000-3.0:1: true",
          "type": "color",
          "value": "#ffcf3dff",
          "blendMode": "normal",
          "extensions": {
            "org.lukasoppermann.figmaDesignTokens": {
              "styleId": "S:0bf0482a611c289cd7f9153be92d8499357110bd,",
              "exportKey": "color"
            }
          }
        },
        "highlight085": {
          "description": "$palette-highlight-085 (F7)\n\nhex: : #CEA730\nL*: 70.16 (70)\n\n#FFFFFF-4.5:1: false\n#FFFFFF-3.0:1: false\n#000000-4.5:1: true\n#000000-3.0:1: true",
          "type": "color",
          "value": "#e3bb41ff",
          "blendMode": "normal",
          "extensions": {
            "org.lukasoppermann.figmaDesignTokens": {
              "styleId": "S:de3cc480369e329cc1f8090954e9382b56522c81,",
              "exportKey": "color"
            }
          }
        },
        "highlight100": {
          "description": "$palette-highlight-100 (F9)\n\nhex: : #AF8D27\nL*: 60.17 (60)\n\n#FFFFFF-4.5:1: false\n#FFFFFF-3.0:1: true\n#000000-4.5:1: true\n#000000-3.0:1: true",
          "type": "color",
          "value": "#af8d27ff",
          "blendMode": "normal",
          "extensions": {
            "org.lukasoppermann.figmaDesignTokens": {
              "styleId": "S:99ffa953364ac7fd42efd327f8c4c58ebc5fce8e,",
              "exportKey": "color"
            }
          }
        },
        "highlight200": {
          "description": "$palette-highlight-200 (F10)\n\nhex: : #9F8023\nL*: 55 (55)\n\n#FFFFFF-4.5:1: false\n#FFFFFF-3.0:1: true\n#000000-4.5:1: true\n#000000-3.0:1: true",
          "type": "color",
          "value": "#9f8023ff",
          "blendMode": "normal",
          "extensions": {
            "org.lukasoppermann.figmaDesignTokens": {
              "styleId": "S:5453540b7907694a78b39bf63168682f2aafe248,",
              "exportKey": "color"
            }
          }
        },
        "highlight300": {
          "description": "$palette-highlight-300 (F11)\n\nhex: : #8F731C\nL*: 49.72 (50)\n\n#FFFFFF-4.5:1: true\n#FFFFFF-3.0:1: true\n#000000-4.5:1: true\n#000000-3.0:1: true",
          "type": "color",
          "value": "#8f731cff",
          "blendMode": "normal",
          "extensions": {
            "org.lukasoppermann.figmaDesignTokens": {
              "styleId": "S:9c50c5eeb228f0364bb5fb6893344b3fc3889353,",
              "exportKey": "color"
            }
          }
        },
        "highlight400": {
          "description": "$palette-highlight-400 (F12)\n\nhex: : #81681A\nL*: 45.14 (45)\n\n#FFFFFF-4.5:1: true\n#FFFFFF-3.0:1: true\n#000000-4.5:1: false\n#000000-3.0:1: true",
          "type": "color",
          "value": "#81681aff",
          "blendMode": "normal",
          "extensions": {
            "org.lukasoppermann.figmaDesignTokens": {
              "styleId": "S:7e818cfdf75210fd3f95af4027f53286c3716c83,",
              "exportKey": "color"
            }
          }
        },
        "highlight500": {
          "description": "$palette-highlight-500 (F13)\n\nhex: : #735B17\nL*: 39.9 (40)\n\n#FFFFFF-4.5:1: true\n#FFFFFF-3.0:1: true\n#000000-4.5:1: false\n#000000-3.0:1: true",
          "type": "color",
          "value": "#735b17ff",
          "blendMode": "normal",
          "extensions": {
            "org.lukasoppermann.figmaDesignTokens": {
              "styleId": "S:55798793e5629848b7156bf0582854101aae7dc5,",
              "exportKey": "color"
            }
          }
        },
        "highlight600": {
          "description": "$palette-highlight-600 (F15)\n\nhex: : #56450F\nL*: 30.08 (30)\n\n#FFFFFF-4.5:1: true\n#FFFFFF-3.0:1: true\n#000000-4.5:1: false\n#000000-3.0:1: false",
          "type": "color",
          "value": "#56450fff",
          "blendMode": "normal",
          "extensions": {
            "org.lukasoppermann.figmaDesignTokens": {
              "styleId": "S:b27d6da80f92a01f61479f6ad5b3311b2d9d9d57,",
              "exportKey": "color"
            }
          }
        },
        "highlight700": {
          "description": "$palette-highlight-700 (F17)\n\nhex: : #3D2F02\nL*: 20.16 (20)\n\n#FFFFFF-4.5:1: true\n#FFFFFF-3.0:1: true\n#000000-4.5:1: false\n#000000-3.0:1: false",
          "type": "color",
          "value": "#3d2f02ff",
          "blendMode": "normal",
          "extensions": {
            "org.lukasoppermann.figmaDesignTokens": {
              "styleId": "S:5868d3553da394a9e0685cee3c2050fac623c81e,",
              "exportKey": "color"
            }
          }
        },
        "highlight800": {
          "description": "$palette-highlight-800 (F18)\n\nhex: : #2F2407\nL*: 14.85 (15)\n\n#FFFFFF-4.5:1: true\n#FFFFFF-3.0:1: true\n#000000-4.5:1: false\n#000000-3.0:1: false",
          "type": "color",
          "value": "#2f2407ff",
          "blendMode": "normal",
          "extensions": {
            "org.lukasoppermann.figmaDesignTokens": {
              "styleId": "S:e8e99d336eaf022c5806194ace66f11fa61737bb,",
              "exportKey": "color"
            }
          }
        },
        "highlight900": {
          "description": "$palette-highlight-900 (F19)\n\nhex: : #241A00\nL*: 9.91 (10)\n\n#FFFFFF-4.5:1: true\n#FFFFFF-3.0:1: true\n#000000-4.5:1: false\n#000000-3.0:1: false",
          "type": "color",
          "value": "#241a00ff",
          "blendMode": "normal",
          "extensions": {
            "org.lukasoppermann.figmaDesignTokens": {
              "styleId": "S:55e96c774bd2f9a53b1d4e884db49bbf56150fd1,",
              "exportKey": "color"
            }
          }
        }
      },
      "attention": {
        "attention015": {
          "description": "$palette-attention-015 (G1)\n\nhex: : #FFF6F0\nL*: 97.42 (97.5)\n\n#FFFFFF-4.5:1: false\n#FFFFFF-3.0:1: false\n#000000-4.5:1: true\n#000000-3.0:1: true",
          "type": "color",
          "value": "#fff6f0ff",
          "blendMode": "normal",
          "extensions": {
            "org.lukasoppermann.figmaDesignTokens": {
              "styleId": "S:b3e80ac8a0ebe68ce287eefddd9842b3b5e43d3f,",
              "exportKey": "color"
            }
          }
        },
        "attention025": {
          "description": "$palette-attention-025 (G2)\n\nhex: : #FFEDE1\nL*: 94.85 (95)\n\n#FFFFFF-4.5:1: false\n#FFFFFF-3.0:1: false\n#000000-4.5:1: true\n#000000-3.0:1: true",
          "type": "color",
          "value": "#ffede1ff",
          "blendMode": "normal",
          "extensions": {
            "org.lukasoppermann.figmaDesignTokens": {
              "styleId": "S:70d12bed14608e98b57c71c8f5256e011faf121c,",
              "exportKey": "color"
            }
          }
        },
        "attention050": {
          "description": "$palette-attention-050 (G3)\n\nhex: : #FEDCC8\nL*: 90.06 (90)\n\n#FFFFFF-4.5:1: false\n#FFFFFF-3.0:1: false\n#000000-4.5:1: true\n#000000-3.0:1: true",
          "type": "color",
          "value": "#fedcc8ff",
          "blendMode": "normal",
          "extensions": {
            "org.lukasoppermann.figmaDesignTokens": {
              "styleId": "S:488ddce390f9e97034e7eb68fbc8f311a013abbb,",
              "exportKey": "color"
            }
          }
        },
        "attention075": {
          "description": "$palette-attention-075 (G5)\n\nhex: : #FFB68A\nL*: 79.93 (80)\n\n#FFFFFF-4.5:1: false\n#FFFFFF-3.0:1: false\n#000000-4.5:1: true\n#000000-3.0:1: true",
          "type": "color",
          "value": "#ffb68aff",
          "blendMode": "normal",
          "extensions": {
            "org.lukasoppermann.figmaDesignTokens": {
              "styleId": "S:5e170a1e70ca002394587260eb5ab5b75bbf1427,",
              "exportKey": "color"
            }
          }
        },
        "attention085": {
          "description": "$palette-attention-085 (G7)\n\nhex: : #F8914B\nL*: 69.98 (70)\n\n#FFFFFF-4.5:1: false\n#FFFFFF-3.0:1: false\n#000000-4.5:1: true\n#000000-3.0:1: true",
          "type": "color",
          "value": "#f8914bff",
          "blendMode": "normal",
          "extensions": {
            "org.lukasoppermann.figmaDesignTokens": {
              "styleId": "S:52414a273675740773a42dc4e49652f08e178e24,",
              "exportKey": "color"
            }
          }
        },
        "attention100": {
          "description": "$palette-attention-100 (G8)\n\nhex: : #F57C13\nL*: 64.87 (65)\n\n#FFFFFF-4.5:1: false\n#FFFFFF-3.0:1: false\n#000000-4.5:1: true\n#000000-3.0:1: true",
          "type": "color",
          "value": "#f57c13ff",
          "blendMode": "normal",
          "extensions": {
            "org.lukasoppermann.figmaDesignTokens": {
              "styleId": "S:26ff1c0ad20f9163319ef1f3b14b55049a6e9618,",
              "exportKey": "color"
            }
          }
        },
        "attention200": {
          "description": "$palette-attention-200 (G10)\n\nhex: : #CE670E\nL*: 54.93 (55)\n\n#FFFFFF-4.5:1: false\n#FFFFFF-3.0:1: true\n#000000-4.5:1: true\n#000000-3.0:1: true",
          "type": "color",
          "value": "#ce670eff",
          "blendMode": "normal",
          "extensions": {
            "org.lukasoppermann.figmaDesignTokens": {
              "styleId": "S:ad53ba459cc97c5558c9705b442ce7b705ba7abe,",
              "exportKey": "color"
            }
          }
        },
        "attention300": {
          "description": "$palette-attention-300 (G11)\n\nhex: : #B95D0E\nL*: 49.71 (50)\n\n#FFFFFF-4.5:1: true\n#FFFFFF-3.0:1: true\n#000000-4.5:1: true\n#000000-3.0:1: true",
          "type": "color",
          "value": "#b95d0eff",
          "blendMode": "normal",
          "extensions": {
            "org.lukasoppermann.figmaDesignTokens": {
              "styleId": "S:6609ad9dc1e65ac3d30b358c216e8944725cc752,",
              "exportKey": "color"
            }
          }
        },
        "attention400": {
          "description": "$palette-attention-400 (G12)\n\nhex: : #A95307\nL*: 45.14 (45)\n\n#FFFFFF-4.5:1: true\n#FFFFFF-3.0:1: true\n#000000-4.5:1: false\n#000000-3.0:1: true",
          "type": "color",
          "value": "#a95307ff",
          "blendMode": "normal",
          "extensions": {
            "org.lukasoppermann.figmaDesignTokens": {
              "styleId": "S:828a7f45304ed763b587cd56e1482a17c7a9d8ce,",
              "exportKey": "color"
            }
          }
        },
        "attention500": {
          "description": "$palette-attention-500 (G13)\n\nhex: : #954A09\nL*: 40.1 (40)\n\n#FFFFFF-4.5:1: true\n#FFFFFF-3.0:1: true\n#000000-4.5:1: false\n#000000-3.0:1: true",
          "type": "color",
          "value": "#954a09ff",
          "blendMode": "normal",
          "extensions": {
            "org.lukasoppermann.figmaDesignTokens": {
              "styleId": "S:0c92e64a3bef67076218324830549c2c7a9ef0ed,",
              "exportKey": "color"
            }
          }
        },
        "attention600": {
          "description": "$palette-attention-600 (G15)\n\nhex: : #723605\nL*: 29.98 (30)\n\n#FFFFFF-4.5:1: true\n#FFFFFF-3.0:1: true\n#000000-4.5:1: false\n#000000-3.0:1: false",
          "type": "color",
          "value": "#723605ff",
          "blendMode": "normal",
          "extensions": {
            "org.lukasoppermann.figmaDesignTokens": {
              "styleId": "S:db6197d7bc643452aced059aedcdcbd29938afcb,",
              "exportKey": "color"
            }
          }
        },
        "attention700": {
          "description": "$palette-attention-700 (G17)\n\nhex: : #502404\nL*: 19.95 (20)\n\n#FFFFFF-4.5:1: true\n#FFFFFF-3.0:1: true\n#000000-4.5:1: false\n#000000-3.0:1: false",
          "type": "color",
          "value": "#502404ff",
          "blendMode": "normal",
          "extensions": {
            "org.lukasoppermann.figmaDesignTokens": {
              "styleId": "S:8bbea022a89532f03dfb209ab0b7ddea09de8d80,",
              "exportKey": "color"
            }
          }
        },
        "attention800": {
          "description": "$palette-attention-800 (G18)\n\nhex: : #401C00\nL*: 15.07 (15)\n\n#FFFFFF-4.5:1: true\n#FFFFFF-3.0:1: true\n#000000-4.5:1: false\n#000000-3.0:1: false",
          "type": "color",
          "value": "#401c00ff",
          "blendMode": "normal",
          "extensions": {
            "org.lukasoppermann.figmaDesignTokens": {
              "styleId": "S:e248cc90e4536d8ea8e30c50154f6c93e520f372,",
              "exportKey": "color"
            }
          }
        },
        "attention900": {
          "description": "$palette-attention-900 (G19)\n\nhex: : #301307\nL*: 9.87 (10)\n\n#FFFFFF-4.5:1: true\n#FFFFFF-3.0:1: true\n#000000-4.5:1: false\n#000000-3.0:1: false",
          "type": "color",
          "value": "#301307ff",
          "blendMode": "normal",
          "extensions": {
            "org.lukasoppermann.figmaDesignTokens": {
              "styleId": "S:d516e333974c8893925f0236ce236fcb55815202,",
              "exportKey": "color"
            }
          }
        }
      },
      "info": {
        "info015": {
          "description": "$palette-info-015 (H1)\n\nhex: : #F7F8FE\nL*: 97.66 (97.5)\n\n#FFFFFF-4.5:1: false\n#FFFFFF-3.0:1: false\n#000000-4.5:1: true\n#000000-3.0:1: true",
          "type": "color",
          "value": "#f7f8feff",
          "blendMode": "normal",
          "extensions": {
            "org.lukasoppermann.figmaDesignTokens": {
              "styleId": "S:30727e7dc2b712c39f0f901933ccdf94cd0455e7,",
              "exportKey": "color"
            }
          }
        },
        "info025": {
          "description": "$palette-info-025 (H2)\n\nhex: : #EEF1FA\nL*: 95.16 (95)\n\n#FFFFFF-4.5:1: false\n#FFFFFF-3.0:1: false\n#000000-4.5:1: true\n#000000-3.0:1: true",
          "type": "color",
          "value": "#eef1faff",
          "blendMode": "normal",
          "extensions": {
            "org.lukasoppermann.figmaDesignTokens": {
              "styleId": "S:90e59b3ffb974cd3155a9f39b143ce8bd0d6f32d,",
              "exportKey": "color"
            }
          }
        },
        "info050": {
          "description": "$palette-info-050 (H3)\n\nhex: : #DCE2F5\nL*: 89.95 (90)\n\n#FFFFFF-4.5:1: false\n#FFFFFF-3.0:1: false\n#000000-4.5:1: true\n#000000-3.0:1: true",
          "type": "color",
          "value": "#dce2f5ff",
          "blendMode": "normal",
          "extensions": {
            "org.lukasoppermann.figmaDesignTokens": {
              "styleId": "S:800ec29c9902c163132b1bcf1c00e87822a7758c,",
              "exportKey": "color"
            }
          }
        },
        "info075": {
          "description": "$palette-info-075 (H5)\n\nhex: : #BBC6E9\nL*: 80.09 (80)\n\n#FFFFFF-4.5:1: false\n#FFFFFF-3.0:1: false\n#000000-4.5:1: true\n#000000-3.0:1: true",
          "type": "color",
          "value": "#bbc6e9ff",
          "blendMode": "normal",
          "extensions": {
            "org.lukasoppermann.figmaDesignTokens": {
              "styleId": "S:f77405463046f8b3443b8b278b3bfad36d08abc4,",
              "exportKey": "color"
            }
          }
        },
        "info085": {
          "description": "$palette-info-085 (H7)\n\nhex: : #9BAADE\nL*: 70.17 (70)\n\n#FFFFFF-4.5:1: false\n#FFFFFF-3.0:1: false\n#000000-4.5:1: true\n#000000-3.0:1: true",
          "type": "color",
          "value": "#9baadeff",
          "blendMode": "normal",
          "extensions": {
            "org.lukasoppermann.figmaDesignTokens": {
              "styleId": "S:e0edbca07697593ea77853112e9cfda1d90b0a9e,",
              "exportKey": "color"
            }
          }
        },
        "info100": {
          "description": "$palette-info-100 (H9)\n\nhex: : #7B8ED2\nL*: 60.08 (60)\n\n#FFFFFF-4.5:1: false\n#FFFFFF-3.0:1: true\n#000000-4.5:1: true\n#000000-3.0:1: true",
          "type": "color",
          "value": "#7b8ed2ff",
          "blendMode": "normal",
          "extensions": {
            "org.lukasoppermann.figmaDesignTokens": {
              "styleId": "S:dc7c57c13c9d88f81ea736cae888a9528a993d8c,",
              "exportKey": "color"
            }
          }
        },
        "info200": {
          "description": "$palette-info-200 (H10)\n\nhex: : #6C80CC\nL*: 55.06 (55)\n\n#FFFFFF-4.5:1: false\n#FFFFFF-3.0:1: true\n#000000-4.5:1: true\n#000000-3.0:1: true",
          "type": "color",
          "value": "#6c80ccff",
          "blendMode": "normal",
          "extensions": {
            "org.lukasoppermann.figmaDesignTokens": {
              "styleId": "S:268a9b55adfa0fc8e6afb37c18a2f6d693013e0a,",
              "exportKey": "color"
            }
          }
        },
        "info300": {
          "description": "$palette-info-300 (H11)\n\nhex: : #5C72C3\nL*: 49.8 (50)\n\n#FFFFFF-4.5:1: true\n#FFFFFF-3.0:1: true\n#000000-4.5:1: true\n#000000-3.0:1: true",
          "type": "color",
          "value": "#5c72c3ff",
          "blendMode": "normal",
          "extensions": {
            "org.lukasoppermann.figmaDesignTokens": {
              "styleId": "S:273ceac07c681efc6f659c2b07133b505b33e797,",
              "exportKey": "color"
            }
          }
        },
        "info400": {
          "description": "$palette-info-400 (H12)\n\nhex: : #5064BE\nL*: 44.99 (45)\n\n#FFFFFF-4.5:1: true\n#FFFFFF-3.0:1: true\n#000000-4.5:1: false\n#000000-3.0:1: true",
          "type": "color",
          "value": "#5064beff",
          "blendMode": "normal",
          "extensions": {
            "org.lukasoppermann.figmaDesignTokens": {
              "styleId": "S:0739cefd922195eb36ec1e336e135a7d14b1a69f,",
              "exportKey": "color"
            }
          }
        },
        "info500": {
          "description": "$palette-info-500 (H13)\n\nhex: : #3F51B5\nL*: 38.33 (40)\n\n#FFFFFF-4.5:1: true\n#FFFFFF-3.0:1: true\n#000000-4.5:1: false\n#000000-3.0:1: true",
          "type": "color",
          "value": "#3f51b5ff",
          "blendMode": "normal",
          "extensions": {
            "org.lukasoppermann.figmaDesignTokens": {
              "styleId": "S:642a38cc4eb1989e8690f250462e2a26d846469b,",
              "exportKey": "color"
            }
          }
        },
        "info600": {
          "description": "$palette-info-600 (H15)\n\nhex: : #303F90\nL*: 29.9 (30)\n\n#FFFFFF-4.5:1: true\n#FFFFFF-3.0:1: true\n#000000-4.5:1: false\n#000000-3.0:1: false",
          "type": "color",
          "value": "#303f90ff",
          "blendMode": "normal",
          "extensions": {
            "org.lukasoppermann.figmaDesignTokens": {
              "styleId": "S:4a114985b173bc7664ec27cc5431c8e21a1950dc,",
              "exportKey": "color"
            }
          }
        },
        "info700": {
          "description": "$palette-info-700 (H17)\n\nhex: : #202B66\nL*: 20.02 (20)\n\n#FFFFFF-4.5:1: true\n#FFFFFF-3.0:1: true\n#000000-4.5:1: false\n#000000-3.0:1: false",
          "type": "color",
          "value": "#202b66ff",
          "blendMode": "normal",
          "extensions": {
            "org.lukasoppermann.figmaDesignTokens": {
              "styleId": "S:84d6773461722bb67b4a72ed622caeffc7262440,",
              "exportKey": "color"
            }
          }
        },
        "info800": {
          "description": "$palette-info-800 (H18)\n\nhex: : #182153\nL*: 14.99 (15)\n\n#FFFFFF-4.5:1: true\n#FFFFFF-3.0:1: true\n#000000-4.5:1: false\n#000000-3.0:1: false",
          "type": "color",
          "value": "#182153ff",
          "blendMode": "normal",
          "extensions": {
            "org.lukasoppermann.figmaDesignTokens": {
              "styleId": "S:136a775b8802c8138823b6d573b4416b97dd0e87,",
              "exportKey": "color"
            }
          }
        },
        "info900": {
          "description": "$palette-info-900 (H19)\n\nhex: : #12183E\nL*: 10.03 (10)\n\n#FFFFFF-4.5:1: true\n#FFFFFF-3.0:1: true\n#000000-4.5:1: false\n#000000-3.0:1: false",
          "type": "color",
          "value": "#12183eff",
          "blendMode": "normal",
          "extensions": {
            "org.lukasoppermann.figmaDesignTokens": {
              "styleId": "S:2ee42c1c4e9dc0226fe01bbdd0ceb02dfb4576fa,",
              "exportKey": "color"
            }
          }
        }
      },
      "system": {
        "system015": {
          "description": "$palette-system-015 (I1)\n\nhex: : #F4F8FA\nL*: 97.34 (97.5)\n\n#FFFFFF-4.5:1: false\n#FFFFFF-3.0:1: false\n#000000-4.5:1: true\n#000000-3.0:1: true",
          "type": "color",
          "value": "#f4f8faff",
          "blendMode": "normal",
          "extensions": {
            "org.lukasoppermann.figmaDesignTokens": {
              "styleId": "S:57b68f19ddb8f54177a56dc597998bd1e36a8be4,",
              "exportKey": "color"
            }
          }
        },
        "system025": {
          "description": "$palette-system-025 (I2)\n\nhex: : #ECF2F5\nL*: 95.13 (95)\n\n#FFFFFF-4.5:1: false\n#FFFFFF-3.0:1: false\n#000000-4.5:1: true\n#000000-3.0:1: true",
          "type": "color",
          "value": "#ecf2f5ff",
          "blendMode": "normal",
          "extensions": {
            "org.lukasoppermann.figmaDesignTokens": {
              "styleId": "S:51cb499b30c23ddc8891c15a9da23da16e14b3cd,",
              "exportKey": "color"
            }
          }
        },
        "system050": {
          "description": "$palette-system-050 (I3)\n\nhex: : #D8E4ED\nL*: 89.95 (90)\n\n#FFFFFF-4.5:1: false\n#FFFFFF-3.0:1: false\n#000000-4.5:1: true\n#000000-3.0:1: true",
          "type": "color",
          "value": "#d8e4edff",
          "blendMode": "normal",
          "extensions": {
            "org.lukasoppermann.figmaDesignTokens": {
              "styleId": "S:1f6106d5fe987c7f340030e8c2ee6450cd5fef2d,",
              "exportKey": "color"
            }
          }
        },
        "system075": {
          "description": "$palette-system-075 (I5)\n\nhex: : #B4C9D9\nL*: 79.89 (80)\n\n#FFFFFF-4.5:1: false\n#FFFFFF-3.0:1: false\n#000000-4.5:1: true\n#000000-3.0:1: true",
          "type": "color",
          "value": "#b4c9d9ff",
          "blendMode": "normal",
          "extensions": {
            "org.lukasoppermann.figmaDesignTokens": {
              "styleId": "S:59d6cc66c1aa0dcbd3c61f673b6ac4ced4d14b04,",
              "exportKey": "color"
            }
          }
        },
        "system085": {
          "description": "$palette-system-085 (I7)\n\nhex: : #8EB0C7\nL*: 70.12 (70)\n\n#FFFFFF-4.5:1: false\n#FFFFFF-3.0:1: false\n#000000-4.5:1: true\n#000000-3.0:1: true",
          "type": "color",
          "value": "#8eb0c7ff",
          "blendMode": "normal",
          "extensions": {
            "org.lukasoppermann.figmaDesignTokens": {
              "styleId": "S:a225409d89eb9d208cef96c51a0abd6a74ff622d,",
              "exportKey": "color"
            }
          }
        },
        "system100": {
          "description": "$palette-system-100 (I9)\n\nhex: : #6A96B4\nL*: 60.04 (60)\n\n#FFFFFF-4.5:1: false\n#FFFFFF-3.0:1: true\n#000000-4.5:1: true\n#000000-3.0:1: true",
          "type": "color",
          "value": "#6a96b4ff",
          "blendMode": "normal",
          "extensions": {
            "org.lukasoppermann.figmaDesignTokens": {
              "styleId": "S:976be5bfdd3e3845f8f167ca53528fd3b523811a,",
              "exportKey": "color"
            }
          }
        },
        "system200": {
          "description": "$palette-system-200 (I10)\n\nhex: : #5689AB\nL*: 54.87 (55)\n\n#FFFFFF-4.5:1: false\n#FFFFFF-3.0:1: true\n#000000-4.5:1: true\n#000000-3.0:1: true",
          "type": "color",
          "value": "#5689abff",
          "blendMode": "normal",
          "extensions": {
            "org.lukasoppermann.figmaDesignTokens": {
              "styleId": "S:ea8b125f6e695d7e7a2f2e8b2f8a3aa85274f4d9,",
              "exportKey": "color"
            }
          }
        },
        "system300": {
          "description": "$palette-system-300 (I11)\n\nhex: : #437CA1\nL*: 49.71 (50)\n\n#FFFFFF-4.5:1: true\n#FFFFFF-3.0:1: true\n#000000-4.5:1: true\n#000000-3.0:1: true",
          "type": "color",
          "value": "#437ca1ff",
          "blendMode": "normal",
          "extensions": {
            "org.lukasoppermann.figmaDesignTokens": {
              "styleId": "S:16faf492f5962bb7f3f6928771d2e11a3b7b3c90,",
              "exportKey": "color"
            }
          }
        },
        "system400": {
          "description": "$palette-system-400 (I12)\n\nhex: : #307097\nL*: 44.87 (45)\n\n#FFFFFF-4.5:1: true\n#FFFFFF-3.0:1: true\n#000000-4.5:1: false\n#000000-3.0:1: true",
          "type": "color",
          "value": "#307097ff",
          "blendMode": "normal",
          "extensions": {
            "org.lukasoppermann.figmaDesignTokens": {
              "styleId": "S:a25e301a34ae98b987a3d00d37eaac7a2353bc58,",
              "exportKey": "color"
            }
          }
        },
        "system500": {
          "description": "$palette-system-500 (I13)\n\nhex: : #005E8A\nL*: 37.55 (40)\n\n#FFFFFF-4.5:1: true\n#FFFFFF-3.0:1: true\n#000000-4.5:1: false\n#000000-3.0:1: false",
          "type": "color",
          "value": "#005e8aff",
          "blendMode": "normal",
          "extensions": {
            "org.lukasoppermann.figmaDesignTokens": {
              "styleId": "S:a4cf9f0d282546aafa8a6e93ac8dfdcd7270b6b4,",
              "exportKey": "color"
            }
          }
        },
        "system600": {
          "description": "$palette-system-600 (I15)\n\nhex: : #074B6E\nL*: 29.92 (30)\n\n#FFFFFF-4.5:1: true\n#FFFFFF-3.0:1: true\n#000000-4.5:1: false\n#000000-3.0:1: false",
          "type": "color",
          "value": "#074b6eff",
          "blendMode": "normal",
          "extensions": {
            "org.lukasoppermann.figmaDesignTokens": {
              "styleId": "S:5eebc4e309732b1a055fab30dc42d855c877ddd8,",
              "exportKey": "color"
            }
          }
        },
        "system700": {
          "description": "$palette-system-700 (I17)\n\nhex: : #003450\nL*: 20.18 (20)\n\n#FFFFFF-4.5:1: true\n#FFFFFF-3.0:1: true\n#000000-4.5:1: false\n#000000-3.0:1: false",
          "type": "color",
          "value": "#003450ff",
          "blendMode": "normal",
          "extensions": {
            "org.lukasoppermann.figmaDesignTokens": {
              "styleId": "S:0a9aef8fd76fa9464daf12783b63cd35645c112f,",
              "exportKey": "color"
            }
          }
        },
        "system800": {
          "description": "$palette-system-800 (I18)\n\nhex: : #01283F\nL*: 14.86 (15)\n\n#FFFFFF-4.5:1: true\n#FFFFFF-3.0:1: true\n#000000-4.5:1: false\n#000000-3.0:1: false",
          "type": "color",
          "value": "#01283fff",
          "blendMode": "normal",
          "extensions": {
            "org.lukasoppermann.figmaDesignTokens": {
              "styleId": "S:c4d967045f87033c992df0e8cc64776fcf3c7618,",
              "exportKey": "color"
            }
          }
        },
        "system900": {
          "description": "$palette-system-900 (I19)\n\nhex: : #001E31\nL*: 10.18 (10)\n\n#FFFFFF-4.5:1: true\n#FFFFFF-3.0:1: true\n#000000-4.5:1: false\n#000000-3.0:1: false",
          "type": "color",
          "value": "#001e31ff",
          "blendMode": "normal",
          "extensions": {
            "org.lukasoppermann.figmaDesignTokens": {
              "styleId": "S:0c4385e9f2eed464aaf43b53c633444b960b6086,",
              "exportKey": "color"
            }
          }
        }
      },
      "neutral": {
        "neutral000": {
          "description": "",
          "type": "color",
          "value": "#ffffffff",
          "blendMode": "normal",
          "extensions": {
            "org.lukasoppermann.figmaDesignTokens": {
              "styleId": "S:d6355db7e334fea9850fb84b898ee0a524d9ff52,",
              "exportKey": "color"
            }
          }
        },
        "neutral015": {
          "description": "$palette-neutral-015 (J1)\n\nhex: : #F8F8F8\nL*: 97.58 (97.5)\n\n#FFFFFF-4.5:1: false\n#FFFFFF-3.0:1: false\n#000000-4.5:1: true\n#000000-3.0:1: true",
          "type": "color",
          "value": "#f8f8f8ff",
          "blendMode": "normal",
          "extensions": {
            "org.lukasoppermann.figmaDesignTokens": {
              "styleId": "S:a7ebc97aec37e91cd73c048df41f5073f1cf5ec7,",
              "exportKey": "color"
            }
          }
        },
        "neutral025": {
          "description": "$palette-neutral-025 (J2)\n\nhex: : #F1F1F1\nL*: 95.15 (95)\n\n#FFFFFF-4.5:1: false\n#FFFFFF-3.0:1: false\n#000000-4.5:1: true\n#000000-3.0:1: true",
          "type": "color",
          "value": "#f1f1f1ff",
          "blendMode": "normal",
          "extensions": {
            "org.lukasoppermann.figmaDesignTokens": {
              "styleId": "S:28eaeca80eb30028f393e796134f0eea4462e3ec,",
              "exportKey": "color"
            }
          }
        },
        "neutral050": {
          "description": "$palette-neutral-050 (J3)\n\nhex: : #E2E2E2\nL*: 89.88 (90)\n\n#FFFFFF-4.5:1: false\n#FFFFFF-3.0:1: false\n#000000-4.5:1: true\n#000000-3.0:1: true",
          "type": "color",
          "value": "#ebebebff",
          "blendMode": "normal",
          "extensions": {
            "org.lukasoppermann.figmaDesignTokens": {
              "styleId": "S:147376eac8268d4b2ea59ab2721bdb49464ce59f,",
              "exportKey": "color"
            }
          }
        },
        "neutral075": {
          "description": "$palette-neutral-075 (J5)\n\nhex: : #C6C6C6\nL*: 79.88 (80)\n\n#FFFFFF-4.5:1: false\n#FFFFFF-3.0:1: false\n#000000-4.5:1: true\n#000000-3.0:1: true",
          "type": "color",
          "value": "#c6c6c6ff",
          "blendMode": "normal",
          "extensions": {
            "org.lukasoppermann.figmaDesignTokens": {
              "styleId": "S:cee515ebce80ba6b4fefc26ac28ef5414c3434cd,",
              "exportKey": "color"
            }
          }
        },
        "neutral085": {
          "description": "$palette-neutral-085 (J7)\n\nhex: : #ABABAB\nL*: 69.98 (70)\n\n#FFFFFF-4.5:1: false\n#FFFFFF-3.0:1: false\n#000000-4.5:1: true\n#000000-3.0:1: true",
          "type": "color",
          "value": "#abababff",
          "blendMode": "normal",
          "extensions": {
            "org.lukasoppermann.figmaDesignTokens": {
              "styleId": "S:aae798f729c6032d08ae2a838b0ab9817ee9d96b,",
              "exportKey": "color"
            }
          }
        },
        "neutral100": {
          "description": "$palette-neutral-100 (J9)\n\nhex: : #919191\nL*: 60.17 (60)\n\n#FFFFFF-4.5:1: false\n#FFFFFF-3.0:1: true\n#000000-4.5:1: true\n#000000-3.0:1: true",
          "type": "color",
          "value": "#919191ff",
          "blendMode": "normal",
          "extensions": {
            "org.lukasoppermann.figmaDesignTokens": {
              "styleId": "S:3e985cdba22a77f2a778d0ab94af7ad4732e97f8,",
              "exportKey": "color"
            }
          }
        },
        "neutral200": {
          "description": "$palette-neutral-200 (J10)\n\nhex: : #848484\nL*: 55.15 (55)\n\n#FFFFFF-4.5:1: false\n#FFFFFF-3.0:1: true\n#000000-4.5:1: true\n#000000-3.0:1: true",
          "type": "color",
          "value": "#848484ff",
          "blendMode": "normal",
          "extensions": {
            "org.lukasoppermann.figmaDesignTokens": {
              "styleId": "S:391847807a9c0758f5eeb28871d182bb77b5b048,",
              "exportKey": "color"
            }
          }
        },
        "neutral300": {
          "description": "$palette-neutral-300 (J11)\n\nhex: : #767676\nL*: 49.64 (50)\n\n#FFFFFF-4.5:1: true\n#FFFFFF-3.0:1: true\n#000000-4.5:1: true\n#000000-3.0:1: true",
          "type": "color",
          "value": "#767676ff",
          "blendMode": "normal",
          "extensions": {
            "org.lukasoppermann.figmaDesignTokens": {
              "styleId": "S:439e484e622fd2156e7b90e6a345ae376d5a0982,",
              "exportKey": "color"
            }
          }
        },
        "neutral400": {
          "description": "$palette-neutral-400 (J12)\n\nhex: : #6A6A6A\nL*: 44.82 (45)\n\n#FFFFFF-4.5:1: true\n#FFFFFF-3.0:1: true\n#000000-4.5:1: false\n#000000-3.0:1: true",
          "type": "color",
          "value": "#6a6a6aff",
          "blendMode": "normal",
          "extensions": {
            "org.lukasoppermann.figmaDesignTokens": {
              "styleId": "S:c382596f2f7ec0743a4c2ab7276423371c3b3565,",
              "exportKey": "color"
            }
          }
        },
        "neutral500": {
          "description": "$palette-neutral-500 (J14)\n\nhex: : #525252\nL*: 34.88 (35)\n\n#FFFFFF-4.5:1: true\n#FFFFFF-3.0:1: true\n#000000-4.5:1: false\n#000000-3.0:1: false",
          "type": "color",
          "value": "#525252ff",
          "blendMode": "normal",
          "extensions": {
            "org.lukasoppermann.figmaDesignTokens": {
              "styleId": "S:220b5ce6ae11db31fcfad91777329131af6e91ad,",
              "exportKey": "color"
            }
          }
        },
        "neutral600": {
          "description": "$palette-neutral-600 (J16)\n\nhex: : #3B3B3B\nL*: 24.87 (25)\n\n#FFFFFF-4.5:1: true\n#FFFFFF-3.0:1: true\n#000000-4.5:1: false\n#000000-3.0:1: false",
          "type": "color",
          "value": "#3b3b3bff",
          "blendMode": "normal",
          "extensions": {
            "org.lukasoppermann.figmaDesignTokens": {
              "styleId": "S:e2c8f441a6e94ebbce2acf208e0728e94a0cb093,",
              "exportKey": "color"
            }
          }
        },
        "neutral700": {
          "description": "$palette-neutral-700 (J18)\n\nhex: : #262626\nL*: 15.16 (15)\n\n#FFFFFF-4.5:1: true\n#FFFFFF-3.0:1: true\n#000000-4.5:1: false\n#000000-3.0:1: false",
          "type": "color",
          "value": "#262626ff",
          "blendMode": "normal",
          "extensions": {
            "org.lukasoppermann.figmaDesignTokens": {
              "styleId": "S:e9c3a923030a866dc2c6816df8c909d80cea7414,",
              "exportKey": "color"
            }
          }
        },
        "neutral800": {
          "description": "$palette-neutral-800 (J19)\n\nhex: : #1B1B1B\nL*: 9.77 (10)\n\n#FFFFFF-4.5:1: true\n#FFFFFF-3.0:1: true\n#000000-4.5:1: false\n#000000-3.0:1: false",
          "type": "color",
          "value": "#1b1b1bff",
          "blendMode": "normal",
          "extensions": {
            "org.lukasoppermann.figmaDesignTokens": {
              "styleId": "S:fce14117313ef92d474a133e059e963c431b9bc2,",
              "exportKey": "color"
            }
          }
        },
        "neutral900": {
          "description": "$palette-neutral-900 (J20)\n\nhex: : #111111\nL*: 5.06 (5)\n\n#FFFFFF-4.5:1: true\n#FFFFFF-3.0:1: true\n#000000-4.5:1: false\n#000000-3.0:1: false",
          "type": "color",
          "value": "#111111ff",
          "blendMode": "normal",
          "extensions": {
            "org.lukasoppermann.figmaDesignTokens": {
              "styleId": "S:be2fc29e64a6b82774d4801bd63c42292209676a,",
              "exportKey": "color"
            }
          }
        },
        "neutral950": {
          "description": "",
          "type": "color",
          "value": "#000000ff",
          "blendMode": "normal",
          "extensions": {
            "org.lukasoppermann.figmaDesignTokens": {
              "styleId": "S:cde64989c30a2b719015d0b1453f84007e4e15c2,",
              "exportKey": "color"
            }
          }
        }
      },
      "alpha": {
        "black": {
          "black005": {
            "description": "black (5% opacity)",
            "type": "color",
            "value": "#0000000d",
            "blendMode": "normal",
            "extensions": {
              "org.lukasoppermann.figmaDesignTokens": {
                "styleId": "S:6896d5166fc373412932f377bd3a1d67fb0e407c,",
                "exportKey": "color"
              }
            }
          },
          "black010": {
            "description": "black (10% opacity)",
            "type": "color",
            "value": "#0000001a",
            "blendMode": "normal",
            "extensions": {
              "org.lukasoppermann.figmaDesignTokens": {
                "styleId": "S:36efec0e2e6f837bb58a56c1abae38e8e322c2ef,",
                "exportKey": "color"
              }
            }
          },
          "black020": {
            "description": "black (20% opacity)",
            "type": "color",
            "value": "#00000033",
            "blendMode": "normal",
            "extensions": {
              "org.lukasoppermann.figmaDesignTokens": {
                "styleId": "S:7899119209e9461cfa3b06cafc7824a042c6d6c2,",
                "exportKey": "color"
              }
            }
          },
          "black030": {
            "description": "black (30% opacity)",
            "type": "color",
            "value": "#0000004d",
            "blendMode": "normal",
            "extensions": {
              "org.lukasoppermann.figmaDesignTokens": {
                "styleId": "S:87a7a651127615e5e7f67e65f7423735038f72c9,",
                "exportKey": "color"
              }
            }
          },
          "black040": {
            "description": "black (40% opacity)",
            "type": "color",
            "value": "#00000066",
            "blendMode": "normal",
            "extensions": {
              "org.lukasoppermann.figmaDesignTokens": {
                "styleId": "S:c0d603dc71be8f17d075cf2f2a53098009d5bb13,",
                "exportKey": "color"
              }
            }
          },
          "black050": {
            "description": "black (50% opacity)",
            "type": "color",
            "value": "#00000080",
            "blendMode": "normal",
            "extensions": {
              "org.lukasoppermann.figmaDesignTokens": {
                "styleId": "S:756004a7a7fa7fe21480add06c8274eeda0af52a,",
                "exportKey": "color"
              }
            }
          },
          "black060": {
            "description": "black (60% opacity)",
            "type": "color",
            "value": "#00000099",
            "blendMode": "normal",
            "extensions": {
              "org.lukasoppermann.figmaDesignTokens": {
                "styleId": "S:c14e21f9c5cd6d8ee058dd3bcc08b711964760c5,",
                "exportKey": "color"
              }
            }
          },
          "black070": {
            "description": "black (70% opacity)",
            "type": "color",
            "value": "#000000b3",
            "blendMode": "normal",
            "extensions": {
              "org.lukasoppermann.figmaDesignTokens": {
                "styleId": "S:b9ffb2f757364f326e8587937de43fa48405df45,",
                "exportKey": "color"
              }
            }
          },
          "black080": {
            "description": "black (80% opacity)",
            "type": "color",
            "value": "#000000cc",
            "blendMode": "normal",
            "extensions": {
              "org.lukasoppermann.figmaDesignTokens": {
                "styleId": "S:2c7ffba7b12aea27be0ad9a401306c6b2b2ce741,",
                "exportKey": "color"
              }
            }
          },
          "black090": {
            "description": "black (90% opacity)",
            "type": "color",
            "value": "#000000e6",
            "blendMode": "normal",
            "extensions": {
              "org.lukasoppermann.figmaDesignTokens": {
                "styleId": "S:a6959f22cf9e91161dee039e761f5853b55ac227,",
                "exportKey": "color"
              }
            }
          },
          "black095": {
            "description": "black (95% opacity)",
            "type": "color",
            "value": "#000000f2",
            "blendMode": "normal",
            "extensions": {
              "org.lukasoppermann.figmaDesignTokens": {
                "styleId": "S:24691420d0176190fcffb819482af35612cb8551,",
                "exportKey": "color"
              }
            }
          }
        },
        "white": {
          "white005": {
            "description": "white (5% opacity)",
            "type": "color",
            "value": "#ffffff0d",
            "blendMode": "normal",
            "extensions": {
              "org.lukasoppermann.figmaDesignTokens": {
                "styleId": "S:dcf3e98bc564f6b7c582f6ee4b80684ddd36aa79,",
                "exportKey": "color"
              }
            }
          },
          "white010": {
            "description": "white (10% opacity)",
            "type": "color",
            "value": "#ffffff1a",
            "blendMode": "normal",
            "extensions": {
              "org.lukasoppermann.figmaDesignTokens": {
                "styleId": "S:c7b7a052df632c504ed81e33f593f42b8025b944,",
                "exportKey": "color"
              }
            }
          },
          "white020": {
            "description": "white (20% opacity)",
            "type": "color",
            "value": "#ffffff33",
            "blendMode": "normal",
            "extensions": {
              "org.lukasoppermann.figmaDesignTokens": {
                "styleId": "S:ac5cc3685834986a13510a82761b366085fd8b64,",
                "exportKey": "color"
              }
            }
          },
          "white030": {
            "description": "white (30% opacity)",
            "type": "color",
            "value": "#ffffff4d",
            "blendMode": "normal",
            "extensions": {
              "org.lukasoppermann.figmaDesignTokens": {
                "styleId": "S:fa90e762aba8f1c4536d94860332a1f6c906588c,",
                "exportKey": "color"
              }
            }
          },
          "white040": {
            "description": "white (40% opacity)",
            "type": "color",
            "value": "#ffffff66",
            "blendMode": "normal",
            "extensions": {
              "org.lukasoppermann.figmaDesignTokens": {
                "styleId": "S:bcee0e45ba44335bc594890ceb9fe5399c956d75,",
                "exportKey": "color"
              }
            }
          },
          "white050": {
            "description": "white (50% opacity)",
            "type": "color",
            "value": "#ffffff80",
            "blendMode": "normal",
            "extensions": {
              "org.lukasoppermann.figmaDesignTokens": {
                "styleId": "S:96d1523bd58702b0a9d92e309cce0bbcdf6a2b48,",
                "exportKey": "color"
              }
            }
          },
          "white060": {
            "description": "white (60% opacity)",
            "type": "color",
            "value": "#ffffff99",
            "blendMode": "normal",
            "extensions": {
              "org.lukasoppermann.figmaDesignTokens": {
                "styleId": "S:c364266d4fd08c740fcd459f3f21a49e187814f8,",
                "exportKey": "color"
              }
            }
          },
          "white070": {
            "description": "white (70% opacity)",
            "type": "color",
            "value": "#ffffffb3",
            "blendMode": "normal",
            "extensions": {
              "org.lukasoppermann.figmaDesignTokens": {
                "styleId": "S:87be892042a5b9b1f5e26231803c627211e321da,",
                "exportKey": "color"
              }
            }
          },
          "white080": {
            "description": "white (80% opacity)",
            "type": "color",
            "value": "#ffffffcc",
            "blendMode": "normal",
            "extensions": {
              "org.lukasoppermann.figmaDesignTokens": {
                "styleId": "S:cc587efa574b4551cb14a7e19eb6250ca17c7990,",
                "exportKey": "color"
              }
            }
          },
          "white090": {
            "description": "white (90% opacity)",
            "type": "color",
            "value": "#ffffffe6",
            "blendMode": "normal",
            "extensions": {
              "org.lukasoppermann.figmaDesignTokens": {
                "styleId": "S:7b31cace8efb23953505bae3caaafee23d577c44,",
                "exportKey": "color"
              }
            }
          },
          "white095": {
            "description": "white (95% opacity)",
            "type": "color",
            "value": "#fffffff2",
            "blendMode": "normal",
            "extensions": {
              "org.lukasoppermann.figmaDesignTokens": {
                "styleId": "S:d3daa22105db0d3376546672ef81b037c1b1d798,",
                "exportKey": "color"
              }
            }
          }
        }
      }
    },
    "contextual": {
      "light-mode": {
        "paper": {
          "~": {
            "description": "",
            "type": "color",
            "value": "#ffffffff",
            "blendMode": "normal",
            "extensions": {
              "org.lukasoppermann.figmaDesignTokens": {
                "styleId": "S:a75cc7d56c172e367fa8c87777ef23206c62b36e,",
                "exportKey": "color"
              }
            }
          },
          "p": {
            "description": "",
            "type": "color",
            "value": "#f8f8f8ff",
            "blendMode": "normal",
            "extensions": {
              "org.lukasoppermann.figmaDesignTokens": {
                "styleId": "S:44742a38184cb26ebefbb48b65763edcbd83227f,",
                "exportKey": "color"
              }
            }
          },
          "pp": {
            "description": "",
            "type": "color",
            "value": "#f1f1f1ff",
            "blendMode": "normal",
            "extensions": {
              "org.lukasoppermann.figmaDesignTokens": {
                "styleId": "S:0bddb66cf1212cad32f1547fdd52c41b4a184ad9,",
                "exportKey": "color"
              }
            }
          }
        },
        "txt": {
          "onpaper": {
            "200": {
              "description": "",
              "type": "color",
              "value": "#919191ff",
              "blendMode": "normal",
              "extensions": {
                "org.lukasoppermann.figmaDesignTokens": {
                  "styleId": "S:ef8152dd7c767cfa117f0c8e47425cf7cd9e6bd5,",
                  "exportKey": "color"
                }
              }
            },
            "400": {
              "description": "",
              "type": "color",
              "value": "#6a6a6aff",
              "blendMode": "normal",
              "extensions": {
                "org.lukasoppermann.figmaDesignTokens": {
                  "styleId": "S:f348d87de9deee944546573c96303ed5191543de,",
                  "exportKey": "color"
                }
              }
            },
            "600": {
              "description": "",
              "type": "color",
              "value": "#3b3b3bff",
              "blendMode": "normal",
              "extensions": {
                "org.lukasoppermann.figmaDesignTokens": {
                  "styleId": "S:37ecfdcba6438fe29c607b9bffe511759c372d3f,",
                  "exportKey": "color"
                }
              }
            },
            "800": {
              "description": "",
              "type": "color",
              "value": "#1b1b1bff",
              "blendMode": "normal",
              "extensions": {
                "org.lukasoppermann.figmaDesignTokens": {
                  "styleId": "S:869b63051ca93f2d0d942ecb2c1945d134754259,",
                  "exportKey": "color"
                }
              }
            }
          }
        }
      },
      "dark-mode": {
        "paper": {
          "~": {
            "description": "",
            "type": "color",
            "value": "#000000ff",
            "blendMode": "normal",
            "extensions": {
              "org.lukasoppermann.figmaDesignTokens": {
                "styleId": "S:d6a11d9a11d17f03c87265000fae6066c991d977,",
                "exportKey": "color"
              }
            }
          },
          "p": {
            "description": "",
            "type": "color",
            "value": "#1b1b1bff",
            "blendMode": "normal",
            "extensions": {
              "org.lukasoppermann.figmaDesignTokens": {
                "styleId": "S:da67c01e49f7ac91bc1536bb5ec781c5aef6647b,",
                "exportKey": "color"
              }
            }
          },
          "pp": {
            "description": "",
            "type": "color",
            "value": "#262626ff",
            "blendMode": "normal",
            "extensions": {
              "org.lukasoppermann.figmaDesignTokens": {
                "styleId": "S:b44ab0e11d027ddc24204fb534ebef8e33188a89,",
                "exportKey": "color"
              }
            }
          }
        }
      }
    }
  }
}